{"pastevents":[
	{
		"title": "Event 1",
		"desc": "Lorem ipsum dolor sit amet, consectetur adipiscing elit. Fusce quis iaculis lacus. Maecenas efficitur velit ut placerat porttitor. Curabitur faucibus quis nisi ut porta. Suspendisse convallis mattis nunc, efficitur tempor leo lacinia vel. Vivamus eleifend nec justo ut dictum. Maecenas lobortis sit amet mauris non finibus. Integer faucibus lorem sed nisi sagittis, ac iaculis odio iaculis.",
		"image": "Project_Images/trivia_night.jpg"
	},
	{
		"title": "Event 2",
		"desc": "Lorem ipsum dolor sit amet, consectetur adipiscing elit. Fusce quis iaculis lacus. Maecenas efficitur velit ut placerat porttitor. Curabitur faucibus quis nisi ut porta. Suspendisse convallis mattis nunc, efficitur tempor leo lacinia vel. Vivamus eleifend nec justo ut dictum. Maecenas lobortis sit amet mauris non finibus. Integer faucibus lorem sed nisi sagittis, ac iaculis odio iaculis.",
		"image": "Project_Images/trivia_night.jpg"
	},
	{
		"title": "Event 3",
		"desc": "Lorem ipsum dolor sit amet, consectetur adipiscing elit. Fusce quis iaculis lacus. Maecenas efficitur velit ut placerat porttitor. Curabitur faucibus quis nisi ut porta. Suspendisse convallis mattis nunc, efficitur tempor leo lacinia vel. Vivamus eleifend nec justo ut dictum. Maecenas lobortis sit amet mauris non finibus. Integer faucibus lorem sed nisi sagittis, ac iaculis odio iaculis.",
		"image": "Project_Images/trivia_night.jpg"
	},
	{
		"title": "Event 4",
		"desc": "Lorem ipsum dolor sit amet, consectetur adipiscing elit. Fusce quis iaculis lacus. Maecenas efficitur velit ut placerat porttitor. Curabitur faucibus quis nisi ut porta. Suspendisse convallis mattis nunc, efficitur tempor leo lacinia vel. Vivamus eleifend nec justo ut dictum. Maecenas lobortis sit amet mauris non finibus. Integer faucibus lorem sed nisi sagittis, ac iaculis odio iaculis.",
		"image": "Project_Images/trivia_night.jpg"
	}
]}